<?xml version="1.0" encoding="UTF-8"?>
<mesh>
    <sharedgeometry vertexcount="4">
        <vertexbuffer normals="true" texture_coords="1" positions="true" colours_diffuse="False">
            <vertex>
                <position x="-1.000000" y="0.000000" z="1.000000"/>
                <normal x="0.000000" y="1.000000" z="-0.000000"/>
                <texcoord v="0.999900" u="0.000100"/>
            </vertex>
            <vertex>
                <position x="1.000000" y="0.000000" z="1.000000"/>
                <normal x="0.000000" y="1.000000" z="-0.000000"/>
                <texcoord v="0.999900" u="0.999900"/>
            </vertex>
            <vertex>
                <position x="1.000000" y="0.000000" z="-1.000000"/>
                <normal x="0.000000" y="1.000000" z="-0.000000"/>
                <texcoord v="0.000100" u="0.999900"/>
            </vertex>
            <vertex>
                <position x="-1.000000" y="0.000000" z="-1.000000"/>
                <normal x="0.000000" y="1.000000" z="-0.000000"/>
                <texcoord v="0.000100" u="0.000100"/>
            </vertex>
        </vertexbuffer>
    </sharedgeometry>
    <submeshes>
        <submesh usesharedvertices="true" operationtype="triangle_list" use32bitindexes="False" material="Material.Road">
            <faces count="2">
                <face v2="1" v1="0" v3="2"/>
                <face v2="2" v1="0" v3="3"/>
            </faces>
        </submesh>
    </submeshes>
    <submeshnames>
        <submesh index="0" name="Material.Road">
        </submesh>
    </submeshnames>
</mesh>