<?xml version="1.0" encoding="UTF-8"?>
<mesh>
    <sharedgeometry vertexcount="24">
        <vertexbuffer normals="true" texture_coords="0" positions="true" colours_diffuse="False">
            <vertex>
                <position z="1.000000" x="-1.000000" y="-1.000000"/>
                <normal z="0.000000" x="-1.000000" y="0.000000"/>
            </vertex>
            <vertex>
                <position z="1.000000" x="-1.000000" y="1.000000"/>
                <normal z="0.000000" x="-1.000000" y="0.000000"/>
            </vertex>
            <vertex>
                <position z="-1.000000" x="-1.000000" y="1.000000"/>
                <normal z="0.000000" x="-1.000000" y="0.000000"/>
            </vertex>
            <vertex>
                <position z="-1.000000" x="-1.000000" y="-1.000000"/>
                <normal z="0.000000" x="-1.000000" y="0.000000"/>
            </vertex>
            <vertex>
                <position z="-1.000000" x="-1.000000" y="-1.000000"/>
                <normal z="-1.000000" x="0.000000" y="0.000000"/>
            </vertex>
            <vertex>
                <position z="-1.000000" x="-1.000000" y="1.000000"/>
                <normal z="-1.000000" x="0.000000" y="0.000000"/>
            </vertex>
            <vertex>
                <position z="-1.000000" x="1.000000" y="1.000000"/>
                <normal z="-1.000000" x="0.000000" y="0.000000"/>
            </vertex>
            <vertex>
                <position z="-1.000000" x="1.000000" y="-1.000000"/>
                <normal z="-1.000000" x="0.000000" y="0.000000"/>
            </vertex>
            <vertex>
                <position z="-1.000000" x="1.000000" y="-1.000000"/>
                <normal z="0.000000" x="1.000000" y="0.000000"/>
            </vertex>
            <vertex>
                <position z="-1.000000" x="1.000000" y="1.000000"/>
                <normal z="0.000000" x="1.000000" y="0.000000"/>
            </vertex>
            <vertex>
                <position z="1.000000" x="1.000000" y="1.000000"/>
                <normal z="0.000000" x="1.000000" y="0.000000"/>
            </vertex>
            <vertex>
                <position z="1.000000" x="1.000000" y="-1.000000"/>
                <normal z="0.000000" x="1.000000" y="0.000000"/>
            </vertex>
            <vertex>
                <position z="1.000000" x="-1.000000" y="1.000000"/>
                <normal z="1.000000" x="-0.000000" y="0.000000"/>
            </vertex>
            <vertex>
                <position z="1.000000" x="-1.000000" y="-1.000000"/>
                <normal z="1.000000" x="-0.000000" y="0.000000"/>
            </vertex>
            <vertex>
                <position z="1.000000" x="1.000000" y="-1.000000"/>
                <normal z="1.000000" x="-0.000000" y="0.000000"/>
            </vertex>
            <vertex>
                <position z="1.000000" x="1.000000" y="1.000000"/>
                <normal z="1.000000" x="-0.000000" y="0.000000"/>
            </vertex>
            <vertex>
                <position z="1.000000" x="1.000000" y="-1.000000"/>
                <normal z="0.000000" x="0.000000" y="-1.000000"/>
            </vertex>
            <vertex>
                <position z="1.000000" x="-1.000000" y="-1.000000"/>
                <normal z="0.000000" x="0.000000" y="-1.000000"/>
            </vertex>
            <vertex>
                <position z="-1.000000" x="-1.000000" y="-1.000000"/>
                <normal z="0.000000" x="0.000000" y="-1.000000"/>
            </vertex>
            <vertex>
                <position z="-1.000000" x="1.000000" y="-1.000000"/>
                <normal z="0.000000" x="0.000000" y="-1.000000"/>
            </vertex>
            <vertex>
                <position z="-1.000000" x="1.000000" y="1.000000"/>
                <normal z="0.000000" x="0.000000" y="1.000000"/>
            </vertex>
            <vertex>
                <position z="-1.000000" x="-1.000000" y="1.000000"/>
                <normal z="0.000000" x="0.000000" y="1.000000"/>
            </vertex>
            <vertex>
                <position z="1.000000" x="-1.000000" y="1.000000"/>
                <normal z="0.000000" x="0.000000" y="1.000000"/>
            </vertex>
            <vertex>
                <position z="1.000000" x="1.000000" y="1.000000"/>
                <normal z="0.000000" x="0.000000" y="1.000000"/>
            </vertex>
        </vertexbuffer>
    </sharedgeometry>
    <submeshes>
        <submesh operationtype="triangle_list" use32bitindexes="False" usesharedvertices="true" material="Material.wall">
            <faces count="12">
                <face v1="0" v3="2" v2="1"/>
                <face v1="0" v3="3" v2="2"/>
                <face v1="4" v3="6" v2="5"/>
                <face v1="4" v3="7" v2="6"/>
                <face v1="8" v3="10" v2="9"/>
                <face v1="8" v3="11" v2="10"/>
                <face v1="12" v3="14" v2="13"/>
                <face v1="12" v3="15" v2="14"/>
                <face v1="16" v3="18" v2="17"/>
                <face v1="16" v3="19" v2="18"/>
                <face v1="20" v3="22" v2="21"/>
                <face v1="20" v3="23" v2="22"/>
            </faces>
        </submesh>
    </submeshes>
    <submeshnames>
        <submesh index="0" name="Material.wall">
        </submesh>
    </submeshnames>
</mesh>