<?xml version="1.0" encoding="UTF-8"?>
<mesh>
    <sharedgeometry vertexcount="4">
        <vertexbuffer normals="true" texture_coords="1" positions="true" colours_diffuse="False">
            <vertex>
                <position z="25.000000" x="-25.000000" y="0.000000"/>
                <normal z="-0.000000" x="0.000000" y="1.000000"/>
                <texcoord v="0.998999" u="0.998999"/>
            </vertex>
            <vertex>
                <position z="25.000000" x="25.000000" y="0.000000"/>
                <normal z="-0.000000" x="0.000000" y="1.000000"/>
                <texcoord v="0.998999" u="0.001001"/>
            </vertex>
            <vertex>
                <position z="-25.000000" x="25.000000" y="0.000000"/>
                <normal z="-0.000000" x="0.000000" y="1.000000"/>
                <texcoord v="0.001001" u="0.001001"/>
            </vertex>
            <vertex>
                <position z="-25.000000" x="-25.000000" y="0.000000"/>
                <normal z="-0.000000" x="0.000000" y="1.000000"/>
                <texcoord v="0.001001" u="0.998999"/>
            </vertex>
        </vertexbuffer>
    </sharedgeometry>
    <submeshes>
        <submesh operationtype="triangle_list" use32bitindexes="False" usesharedvertices="true" material="Material.wall">
            <faces count="2">
                <face v1="0" v3="2" v2="1"/>
                <face v1="0" v3="3" v2="2"/>
            </faces>
        </submesh>
    </submeshes>
    <submeshnames>
        <submesh index="0" name="Material.wall">
        </submesh>
    </submeshnames>
</mesh>